{
  "project_info": {
    "project_number": "731129572947",
    "firebase_url": "https://pceindicator-506a8.firebaseio.com",
    "project_id": "pceindicator-506a8",
    "storage_bucket": "pceindicator-506a8.appspot.com"
  },
  "client": [
    {
      "client_info": {
        "mobilesdk_app_id": "1:731129572947:android:a360e1f8c211eff7",
        "android_client_info": {
          "package_name": "com.example.salmanmapkar.demo"
        }
      },
      "oauth_client": [
        {
          "client_id": "731129572947-b69h0eclfem953ssvnsq7p83eamul5de.apps.googleusercontent.com",
          "client_type": 3
        }
      ],
      "api_key": [
        {
          "current_key": "AIzaSyB9eoITNUAX8LwtL1kg0TpTdZHRwkWSNi4"
        }
      ],
      "services": {
        "analytics_service": {
          "status": 1
        },
        "appinvite_service": {
          "status": 1,
          "other_platform_oauth_client": []
        },
        "ads_service": {
          "status": 2
        }
      }
    }
  ],
  "configuration_version": "1"
}